file	subject_id	label
/Users/wubingwen/Projects/msc/wav/train_0002.wav	03	0
/Users/wubingwen/Projects/msc/wav/train_0007.wav	03	0
/Users/wubingwen/Projects/msc/wav/train_0008.wav	03	0
/Users/wubingwen/Projects/msc/wav/train_0010.wav	10	1
/Users/wubingwen/Projects/msc/wav/train_0014.wav	10	0
/Users/wubingwen/Projects/msc/wav/train_0017.wav	03	0
/Users/wubingwen/Projects/msc/wav/train_0018.wav	06	0
/Users/wubingwen/Projects/msc/wav/train_0020.wav	10	0
/Users/wubingwen/Projects/msc/wav/train_0021.wav	06	0
/Users/wubingwen/Projects/msc/wav/train_0026.wav	10	0
/Users/wubingwen/Projects/msc/wav/train_0028.wav	03	2
/Users/wubingwen/Projects/msc/wav/train_0041.wav	10	0
/Users/wubingwen/Projects/msc/wav/train_0042.wav	03	0
/Users/wubingwen/Projects/msc/wav/train_0048.wav	06	0
/Users/wubingwen/Projects/msc/wav/train_0050.wav	06	0
/Users/wubingwen/Projects/msc/wav/train_0054.wav	10	1
/Users/wubingwen/Projects/msc/wav/train_0055.wav	03	0
/Users/wubingwen/Projects/msc/wav/train_0059.wav	10	0
/Users/wubingwen/Projects/msc/wav/train_0068.wav	06	0
/Users/wubingwen/Projects/msc/wav/train_0070.wav	10	0
/Users/wubingwen/Projects/msc/wav/train_0071.wav	10	0
/Users/wubingwen/Projects/msc/wav/train_0075.wav	10	0
/Users/wubingwen/Projects/msc/wav/train_0083.wav	03	0
/Users/wubingwen/Projects/msc/wav/train_0084.wav	10	0
/Users/wubingwen/Projects/msc/wav/train_0089.wav	03	0
/Users/wubingwen/Projects/msc/wav/train_0092.wav	03	0
/Users/wubingwen/Projects/msc/wav/train_0097.wav	10	0
/Users/wubingwen/Projects/msc/wav/train_0101.wav	10	0
/Users/wubingwen/Projects/msc/wav/train_0102.wav	10	0
/Users/wubingwen/Projects/msc/wav/train_0103.wav	06	0
/Users/wubingwen/Projects/msc/wav/train_0105.wav	10	0
/Users/wubingwen/Projects/msc/wav/train_0107.wav	03	0
/Users/wubingwen/Projects/msc/wav/train_0109.wav	10	0
/Users/wubingwen/Projects/msc/wav/train_0113.wav	06	0
/Users/wubingwen/Projects/msc/wav/train_0118.wav	03	0
/Users/wubingwen/Projects/msc/wav/train_0119.wav	10	0
/Users/wubingwen/Projects/msc/wav/train_0125.wav	06	0
/Users/wubingwen/Projects/msc/wav/train_0129.wav	06	0
/Users/wubingwen/Projects/msc/wav/train_0130.wav	10	0
/Users/wubingwen/Projects/msc/wav/train_0133.wav	03	2
/Users/wubingwen/Projects/msc/wav/train_0134.wav	10	0
/Users/wubingwen/Projects/msc/wav/train_0137.wav	03	1
/Users/wubingwen/Projects/msc/wav/train_0139.wav	10	0
/Users/wubingwen/Projects/msc/wav/train_0142.wav	06	0
/Users/wubingwen/Projects/msc/wav/train_0147.wav	10	0
/Users/wubingwen/Projects/msc/wav/train_0148.wav	06	0
/Users/wubingwen/Projects/msc/wav/train_0149.wav	06	0
/Users/wubingwen/Projects/msc/wav/train_0153.wav	06	0
/Users/wubingwen/Projects/msc/wav/train_0155.wav	10	0
/Users/wubingwen/Projects/msc/wav/train_0158.wav	10	0
/Users/wubingwen/Projects/msc/wav/train_0160.wav	06	0
/Users/wubingwen/Projects/msc/wav/train_0161.wav	03	0
/Users/wubingwen/Projects/msc/wav/train_0163.wav	03	0
/Users/wubingwen/Projects/msc/wav/train_0171.wav	06	0
/Users/wubingwen/Projects/msc/wav/train_0173.wav	06	0
/Users/wubingwen/Projects/msc/wav/train_0174.wav	03	1
/Users/wubingwen/Projects/msc/wav/train_0175.wav	06	0
/Users/wubingwen/Projects/msc/wav/train_0178.wav	03	1
/Users/wubingwen/Projects/msc/wav/train_0181.wav	06	0
/Users/wubingwen/Projects/msc/wav/train_0184.wav	06	0
/Users/wubingwen/Projects/msc/wav/train_0186.wav	06	0
/Users/wubingwen/Projects/msc/wav/train_0193.wav	10	0
/Users/wubingwen/Projects/msc/wav/train_0196.wav	10	0
/Users/wubingwen/Projects/msc/wav/train_0208.wav	06	0
/Users/wubingwen/Projects/msc/wav/train_0212.wav	06	1
/Users/wubingwen/Projects/msc/wav/train_0216.wav	10	0
/Users/wubingwen/Projects/msc/wav/train_0219.wav	03	1
/Users/wubingwen/Projects/msc/wav/train_0224.wav	06	0
/Users/wubingwen/Projects/msc/wav/train_0226.wav	03	0
/Users/wubingwen/Projects/msc/wav/train_0227.wav	06	0
/Users/wubingwen/Projects/msc/wav/train_0230.wav	10	0
/Users/wubingwen/Projects/msc/wav/train_0236.wav	10	0
/Users/wubingwen/Projects/msc/wav/train_0237.wav	06	0
/Users/wubingwen/Projects/msc/wav/train_0240.wav	03	0
/Users/wubingwen/Projects/msc/wav/train_0245.wav	06	0
/Users/wubingwen/Projects/msc/wav/train_0248.wav	06	0
/Users/wubingwen/Projects/msc/wav/train_0249.wav	06	0
/Users/wubingwen/Projects/msc/wav/train_0250.wav	06	0
/Users/wubingwen/Projects/msc/wav/train_0254.wav	03	0
/Users/wubingwen/Projects/msc/wav/train_0257.wav	03	0
/Users/wubingwen/Projects/msc/wav/train_0258.wav	03	0
/Users/wubingwen/Projects/msc/wav/train_0259.wav	03	1
/Users/wubingwen/Projects/msc/wav/train_0261.wav	10	0
/Users/wubingwen/Projects/msc/wav/train_0264.wav	10	0
/Users/wubingwen/Projects/msc/wav/train_0268.wav	10	0
/Users/wubingwen/Projects/msc/wav/train_0269.wav	10	0
/Users/wubingwen/Projects/msc/wav/train_0270.wav	10	0
/Users/wubingwen/Projects/msc/wav/train_0274.wav	10	0
/Users/wubingwen/Projects/msc/wav/train_0275.wav	06	0
/Users/wubingwen/Projects/msc/wav/train_0277.wav	03	1
/Users/wubingwen/Projects/msc/wav/train_0280.wav	06	0
/Users/wubingwen/Projects/msc/wav/train_0282.wav	06	1
/Users/wubingwen/Projects/msc/wav/train_0283.wav	10	0
/Users/wubingwen/Projects/msc/wav/train_0284.wav	03	0
/Users/wubingwen/Projects/msc/wav/train_0290.wav	03	0
/Users/wubingwen/Projects/msc/wav/train_0292.wav	10	0
/Users/wubingwen/Projects/msc/wav/train_0294.wav	10	0
/Users/wubingwen/Projects/msc/wav/train_0295.wav	06	0
/Users/wubingwen/Projects/msc/wav/train_0303.wav	03	0
/Users/wubingwen/Projects/msc/wav/train_0304.wav	06	0
/Users/wubingwen/Projects/msc/wav/train_0306.wav	10	0
/Users/wubingwen/Projects/msc/wav/train_0307.wav	06	0
/Users/wubingwen/Projects/msc/wav/train_0309.wav	10	0
/Users/wubingwen/Projects/msc/wav/train_0312.wav	10	0
/Users/wubingwen/Projects/msc/wav/train_0314.wav	06	0
/Users/wubingwen/Projects/msc/wav/train_0318.wav	03	0
/Users/wubingwen/Projects/msc/wav/train_0323.wav	10	1
/Users/wubingwen/Projects/msc/wav/train_0324.wav	03	0
/Users/wubingwen/Projects/msc/wav/train_0327.wav	06	0
/Users/wubingwen/Projects/msc/wav/train_0328.wav	10	0
/Users/wubingwen/Projects/msc/wav/train_0332.wav	06	0
/Users/wubingwen/Projects/msc/wav/train_0336.wav	06	0
/Users/wubingwen/Projects/msc/wav/train_0342.wav	03	0
/Users/wubingwen/Projects/msc/wav/train_0346.wav	03	2
/Users/wubingwen/Projects/msc/wav/train_0356.wav	10	0
/Users/wubingwen/Projects/msc/wav/train_0362.wav	06	1
/Users/wubingwen/Projects/msc/wav/train_0363.wav	06	1
/Users/wubingwen/Projects/msc/wav/train_0368.wav	03	0
/Users/wubingwen/Projects/msc/wav/train_0370.wav	10	0
/Users/wubingwen/Projects/msc/wav/train_0371.wav	03	0
/Users/wubingwen/Projects/msc/wav/train_0373.wav	03	0
/Users/wubingwen/Projects/msc/wav/train_0377.wav	06	0
/Users/wubingwen/Projects/msc/wav/train_0381.wav	06	0
/Users/wubingwen/Projects/msc/wav/train_0382.wav	06	0
/Users/wubingwen/Projects/msc/wav/train_0389.wav	03	2
/Users/wubingwen/Projects/msc/wav/train_0392.wav	10	0
/Users/wubingwen/Projects/msc/wav/train_0394.wav	10	0
/Users/wubingwen/Projects/msc/wav/train_0401.wav	03	0
/Users/wubingwen/Projects/msc/wav/train_0403.wav	10	0
/Users/wubingwen/Projects/msc/wav/train_0405.wav	03	0
/Users/wubingwen/Projects/msc/wav/train_0411.wav	06	0
/Users/wubingwen/Projects/msc/wav/train_0414.wav	03	0
/Users/wubingwen/Projects/msc/wav/train_0425.wav	10	0
/Users/wubingwen/Projects/msc/wav/train_0427.wav	10	0
/Users/wubingwen/Projects/msc/wav/train_0433.wav	10	1
/Users/wubingwen/Projects/msc/wav/train_0437.wav	03	0
/Users/wubingwen/Projects/msc/wav/train_0443.wav	10	0
/Users/wubingwen/Projects/msc/wav/train_0446.wav	03	2
/Users/wubingwen/Projects/msc/wav/train_0451.wav	10	0
/Users/wubingwen/Projects/msc/wav/train_0454.wav	10	0
/Users/wubingwen/Projects/msc/wav/train_0457.wav	06	1
/Users/wubingwen/Projects/msc/wav/train_0460.wav	10	0
/Users/wubingwen/Projects/msc/wav/train_0461.wav	03	1
/Users/wubingwen/Projects/msc/wav/train_0465.wav	03	0
/Users/wubingwen/Projects/msc/wav/train_0466.wav	10	0
/Users/wubingwen/Projects/msc/wav/train_0470.wav	06	0
/Users/wubingwen/Projects/msc/wav/train_0472.wav	10	0
/Users/wubingwen/Projects/msc/wav/train_0474.wav	03	0
/Users/wubingwen/Projects/msc/wav/train_0480.wav	03	0
/Users/wubingwen/Projects/msc/wav/train_0488.wav	10	0
/Users/wubingwen/Projects/msc/wav/train_0490.wav	10	0
/Users/wubingwen/Projects/msc/wav/train_0491.wav	06	0
/Users/wubingwen/Projects/msc/wav/train_0492.wav	06	1
/Users/wubingwen/Projects/msc/wav/train_0493.wav	03	0
/Users/wubingwen/Projects/msc/wav/train_0494.wav	03	0
/Users/wubingwen/Projects/msc/wav/train_0495.wav	10	0
/Users/wubingwen/Projects/msc/wav/train_0511.wav	03	2
/Users/wubingwen/Projects/msc/wav/train_0513.wav	06	0
/Users/wubingwen/Projects/msc/wav/train_0515.wav	03	0
/Users/wubingwen/Projects/msc/wav/train_0521.wav	06	1
/Users/wubingwen/Projects/msc/wav/train_0526.wav	03	0
/Users/wubingwen/Projects/msc/wav/train_0528.wav	10	1
/Users/wubingwen/Projects/msc/wav/train_0529.wav	10	0
/Users/wubingwen/Projects/msc/wav/train_0530.wav	10	0
/Users/wubingwen/Projects/msc/wav/train_0535.wav	03	0
/Users/wubingwen/Projects/msc/wav/train_0540.wav	03	0
/Users/wubingwen/Projects/msc/wav/train_0543.wav	03	0
/Users/wubingwen/Projects/msc/wav/train_0550.wav	03	2
/Users/wubingwen/Projects/msc/wav/train_0553.wav	03	0
/Users/wubingwen/Projects/msc/wav/train_0555.wav	03	0
/Users/wubingwen/Projects/msc/wav/train_0556.wav	10	0
/Users/wubingwen/Projects/msc/wav/train_0560.wav	10	1
/Users/wubingwen/Projects/msc/wav/train_0561.wav	06	0
/Users/wubingwen/Projects/msc/wav/train_0565.wav	03	0
/Users/wubingwen/Projects/msc/wav/train_0574.wav	10	0
/Users/wubingwen/Projects/msc/wav/train_0576.wav	10	0
/Users/wubingwen/Projects/msc/wav/train_0577.wav	06	0
/Users/wubingwen/Projects/msc/wav/train_0588.wav	10	0
/Users/wubingwen/Projects/msc/wav/train_0589.wav	06	1
/Users/wubingwen/Projects/msc/wav/train_0591.wav	03	0
/Users/wubingwen/Projects/msc/wav/train_0592.wav	10	0
/Users/wubingwen/Projects/msc/wav/train_0593.wav	03	1
/Users/wubingwen/Projects/msc/wav/train_0599.wav	06	0
/Users/wubingwen/Projects/msc/wav/train_0606.wav	10	0
/Users/wubingwen/Projects/msc/wav/train_0608.wav	03	0
/Users/wubingwen/Projects/msc/wav/train_0613.wav	03	0
/Users/wubingwen/Projects/msc/wav/train_0616.wav	03	0
/Users/wubingwen/Projects/msc/wav/train_0622.wav	03	1
/Users/wubingwen/Projects/msc/wav/train_0625.wav	10	0
/Users/wubingwen/Projects/msc/wav/train_0627.wav	03	2
/Users/wubingwen/Projects/msc/wav/train_0632.wav	06	1
/Users/wubingwen/Projects/msc/wav/train_0638.wav	06	0
/Users/wubingwen/Projects/msc/wav/train_0643.wav	03	0
/Users/wubingwen/Projects/msc/wav/train_0645.wav	10	0
/Users/wubingwen/Projects/msc/wav/train_0646.wav	06	1
/Users/wubingwen/Projects/msc/wav/train_0652.wav	03	0
/Users/wubingwen/Projects/msc/wav/train_0654.wav	10	0
/Users/wubingwen/Projects/msc/wav/train_0657.wav	10	0
/Users/wubingwen/Projects/msc/wav/train_0658.wav	10	0
/Users/wubingwen/Projects/msc/wav/train_0662.wav	10	0
/Users/wubingwen/Projects/msc/wav/train_0664.wav	06	0
/Users/wubingwen/Projects/msc/wav/train_0667.wav	10	0
/Users/wubingwen/Projects/msc/wav/train_0672.wav	03	0
/Users/wubingwen/Projects/msc/wav/train_0674.wav	03	2
/Users/wubingwen/Projects/msc/wav/train_0677.wav	03	1
/Users/wubingwen/Projects/msc/wav/train_0682.wav	06	0
/Users/wubingwen/Projects/msc/wav/train_0684.wav	03	2
/Users/wubingwen/Projects/msc/wav/train_0687.wav	10	0
/Users/wubingwen/Projects/msc/wav/train_0688.wav	10	1
/Users/wubingwen/Projects/msc/wav/train_0690.wav	03	2
/Users/wubingwen/Projects/msc/wav/train_0692.wav	06	0
/Users/wubingwen/Projects/msc/wav/train_0693.wav	10	0
/Users/wubingwen/Projects/msc/wav/train_0696.wav	10	1
/Users/wubingwen/Projects/msc/wav/train_0710.wav	03	2
/Users/wubingwen/Projects/msc/wav/train_0714.wav	06	0
/Users/wubingwen/Projects/msc/wav/train_0715.wav	03	0
/Users/wubingwen/Projects/msc/wav/train_0725.wav	03	2
/Users/wubingwen/Projects/msc/wav/train_0729.wav	10	0
/Users/wubingwen/Projects/msc/wav/train_0731.wav	10	0
/Users/wubingwen/Projects/msc/wav/train_0732.wav	03	0
/Users/wubingwen/Projects/msc/wav/train_0740.wav	06	0
/Users/wubingwen/Projects/msc/wav/train_0742.wav	03	0
/Users/wubingwen/Projects/msc/wav/train_0745.wav	06	1
/Users/wubingwen/Projects/msc/wav/train_0746.wav	03	0
/Users/wubingwen/Projects/msc/wav/train_0748.wav	10	0
/Users/wubingwen/Projects/msc/wav/train_0749.wav	10	0
/Users/wubingwen/Projects/msc/wav/train_0750.wav	03	0
/Users/wubingwen/Projects/msc/wav/train_0751.wav	06	0
/Users/wubingwen/Projects/msc/wav/train_0752.wav	10	0
/Users/wubingwen/Projects/msc/wav/train_0753.wav	03	0
/Users/wubingwen/Projects/msc/wav/train_0762.wav	03	0
/Users/wubingwen/Projects/msc/wav/train_0763.wav	03	0
/Users/wubingwen/Projects/msc/wav/train_0764.wav	10	0
/Users/wubingwen/Projects/msc/wav/train_0766.wav	06	0
/Users/wubingwen/Projects/msc/wav/train_0767.wav	03	1
/Users/wubingwen/Projects/msc/wav/train_0770.wav	10	0
/Users/wubingwen/Projects/msc/wav/train_0775.wav	03	2
/Users/wubingwen/Projects/msc/wav/train_0777.wav	10	0
/Users/wubingwen/Projects/msc/wav/train_0779.wav	03	1
/Users/wubingwen/Projects/msc/wav/train_0783.wav	10	0
/Users/wubingwen/Projects/msc/wav/train_0784.wav	03	0
/Users/wubingwen/Projects/msc/wav/train_0785.wav	03	0
/Users/wubingwen/Projects/msc/wav/train_0786.wav	06	0
/Users/wubingwen/Projects/msc/wav/train_0787.wav	10	0
/Users/wubingwen/Projects/msc/wav/train_0793.wav	03	0
/Users/wubingwen/Projects/msc/wav/train_0794.wav	03	0
/Users/wubingwen/Projects/msc/wav/train_0802.wav	03	2
/Users/wubingwen/Projects/msc/wav/train_0803.wav	06	0
/Users/wubingwen/Projects/msc/wav/train_0804.wav	06	0
/Users/wubingwen/Projects/msc/wav/train_0814.wav	06	0
/Users/wubingwen/Projects/msc/wav/train_0817.wav	10	0
/Users/wubingwen/Projects/msc/wav/train_0818.wav	10	0
/Users/wubingwen/Projects/msc/wav/train_0820.wav	10	0
/Users/wubingwen/Projects/msc/wav/train_0822.wav	10	0
/Users/wubingwen/Projects/msc/wav/train_0826.wav	10	0
/Users/wubingwen/Projects/msc/wav/train_0828.wav	03	0
/Users/wubingwen/Projects/msc/wav/train_0829.wav	06	0
/Users/wubingwen/Projects/msc/wav/train_0832.wav	10	0
/Users/wubingwen/Projects/msc/wav/train_0836.wav	03	2
/Users/wubingwen/Projects/msc/wav/train_0841.wav	03	0
/Users/wubingwen/Projects/msc/wav/train_0847.wav	03	0
/Users/wubingwen/Projects/msc/wav/train_0851.wav	03	0
/Users/wubingwen/Projects/msc/wav/train_0852.wav	10	0
/Users/wubingwen/Projects/msc/wav/train_0855.wav	10	0
/Users/wubingwen/Projects/msc/wav/train_0859.wav	10	0
/Users/wubingwen/Projects/msc/wav/train_0860.wav	06	0
/Users/wubingwen/Projects/msc/wav/train_0864.wav	06	0
/Users/wubingwen/Projects/msc/wav/train_0866.wav	10	0
/Users/wubingwen/Projects/msc/wav/train_0867.wav	10	0
/Users/wubingwen/Projects/msc/wav/train_0870.wav	10	0
/Users/wubingwen/Projects/msc/wav/train_0877.wav	10	0
/Users/wubingwen/Projects/msc/wav/train_0880.wav	03	0
/Users/wubingwen/Projects/msc/wav/train_0883.wav	10	0
/Users/wubingwen/Projects/msc/wav/train_0884.wav	10	0
/Users/wubingwen/Projects/msc/wav/train_0885.wav	06	0
/Users/wubingwen/Projects/msc/wav/train_0886.wav	03	0
/Users/wubingwen/Projects/msc/wav/train_0889.wav	06	1
/Users/wubingwen/Projects/msc/wav/train_0890.wav	10	1
/Users/wubingwen/Projects/msc/wav/train_0892.wav	06	0
/Users/wubingwen/Projects/msc/wav/train_0894.wav	10	0
/Users/wubingwen/Projects/msc/wav/train_0909.wav	06	0
/Users/wubingwen/Projects/msc/wav/train_0911.wav	10	0
/Users/wubingwen/Projects/msc/wav/train_0913.wav	06	0
/Users/wubingwen/Projects/msc/wav/train_0914.wav	10	0
/Users/wubingwen/Projects/msc/wav/train_0917.wav	10	0
/Users/wubingwen/Projects/msc/wav/train_0921.wav	10	0
/Users/wubingwen/Projects/msc/wav/train_0924.wav	03	0
/Users/wubingwen/Projects/msc/wav/train_0925.wav	10	0
/Users/wubingwen/Projects/msc/wav/train_0926.wav	06	0
/Users/wubingwen/Projects/msc/wav/train_0928.wav	03	0
/Users/wubingwen/Projects/msc/wav/train_0930.wav	06	0
/Users/wubingwen/Projects/msc/wav/train_0946.wav	03	0
/Users/wubingwen/Projects/msc/wav/train_0951.wav	06	1
/Users/wubingwen/Projects/msc/wav/train_0953.wav	10	0
/Users/wubingwen/Projects/msc/wav/train_0954.wav	10	0
/Users/wubingwen/Projects/msc/wav/train_0961.wav	03	0
/Users/wubingwen/Projects/msc/wav/train_0967.wav	06	1
/Users/wubingwen/Projects/msc/wav/train_0971.wav	10	1
/Users/wubingwen/Projects/msc/wav/train_0972.wav	10	0
/Users/wubingwen/Projects/msc/wav/train_0977.wav	10	0
/Users/wubingwen/Projects/msc/wav/train_0978.wav	10	0
/Users/wubingwen/Projects/msc/wav/train_0980.wav	03	0
/Users/wubingwen/Projects/msc/wav/train_0982.wav	06	0
/Users/wubingwen/Projects/msc/wav/train_0984.wav	06	0
/Users/wubingwen/Projects/msc/wav/train_0986.wav	10	0
/Users/wubingwen/Projects/msc/wav/train_0987.wav	03	1
/Users/wubingwen/Projects/msc/wav/train_0989.wav	10	0
/Users/wubingwen/Projects/msc/wav/train_0992.wav	10	0
/Users/wubingwen/Projects/msc/wav/train_0996.wav	06	0
/Users/wubingwen/Projects/msc/wav/train_1001.wav	03	1
/Users/wubingwen/Projects/msc/wav/train_1004.wav	10	0
/Users/wubingwen/Projects/msc/wav/train_1005.wav	06	0
/Users/wubingwen/Projects/msc/wav/train_1007.wav	03	0
/Users/wubingwen/Projects/msc/wav/train_1009.wav	03	2
/Users/wubingwen/Projects/msc/wav/train_1012.wav	10	0
/Users/wubingwen/Projects/msc/wav/train_1015.wav	10	0
/Users/wubingwen/Projects/msc/wav/train_1016.wav	06	1
/Users/wubingwen/Projects/msc/wav/train_1017.wav	06	0
/Users/wubingwen/Projects/msc/wav/train_1019.wav	06	1
/Users/wubingwen/Projects/msc/wav/train_1024.wav	03	0
/Users/wubingwen/Projects/msc/wav/train_1035.wav	06	0
/Users/wubingwen/Projects/msc/wav/train_1037.wav	06	0
/Users/wubingwen/Projects/msc/wav/train_1045.wav	03	2
/Users/wubingwen/Projects/msc/wav/train_1048.wav	06	0
/Users/wubingwen/Projects/msc/wav/train_1060.wav	10	0
/Users/wubingwen/Projects/msc/wav/train_1061.wav	06	1
/Users/wubingwen/Projects/msc/wav/train_1063.wav	03	2
/Users/wubingwen/Projects/msc/wav/train_1066.wav	06	0
/Users/wubingwen/Projects/msc/wav/train_1067.wav	10	0
/Users/wubingwen/Projects/msc/wav/train_1068.wav	06	0
/Users/wubingwen/Projects/msc/wav/train_1070.wav	06	0
/Users/wubingwen/Projects/msc/wav/train_1073.wav	03	1
/Users/wubingwen/Projects/msc/wav/train_1079.wav	06	0
/Users/wubingwen/Projects/msc/wav/train_1082.wav	10	0
/Users/wubingwen/Projects/msc/wav/train_1083.wav	06	0
/Users/wubingwen/Projects/msc/wav/train_1084.wav	06	1
/Users/wubingwen/Projects/msc/wav/train_1085.wav	06	0
/Users/wubingwen/Projects/msc/wav/train_1090.wav	06	0
/Users/wubingwen/Projects/msc/wav/train_1092.wav	03	1
/Users/wubingwen/Projects/msc/wav/train_1094.wav	06	1
/Users/wubingwen/Projects/msc/wav/train_1104.wav	06	0
/Users/wubingwen/Projects/msc/wav/train_1105.wav	03	0
/Users/wubingwen/Projects/msc/wav/train_1108.wav	03	1
/Users/wubingwen/Projects/msc/wav/train_1111.wav	06	0
/Users/wubingwen/Projects/msc/wav/train_1113.wav	03	0
/Users/wubingwen/Projects/msc/wav/train_1117.wav	03	0
/Users/wubingwen/Projects/msc/wav/train_1121.wav	10	0
/Users/wubingwen/Projects/msc/wav/train_1128.wav	06	0
/Users/wubingwen/Projects/msc/wav/train_1129.wav	06	0
/Users/wubingwen/Projects/msc/wav/train_1131.wav	06	0
/Users/wubingwen/Projects/msc/wav/train_1132.wav	06	0
/Users/wubingwen/Projects/msc/wav/train_1133.wav	06	0
/Users/wubingwen/Projects/msc/wav/train_1141.wav	03	1
/Users/wubingwen/Projects/msc/wav/train_1144.wav	10	0
/Users/wubingwen/Projects/msc/wav/train_1148.wav	10	1
/Users/wubingwen/Projects/msc/wav/train_1152.wav	06	0
/Users/wubingwen/Projects/msc/wav/train_1153.wav	06	0
/Users/wubingwen/Projects/msc/wav/train_1155.wav	06	0
/Users/wubingwen/Projects/msc/wav/train_1159.wav	03	0
/Users/wubingwen/Projects/msc/wav/train_1164.wav	10	0
/Users/wubingwen/Projects/msc/wav/train_1165.wav	10	0
/Users/wubingwen/Projects/msc/wav/train_1169.wav	10	0
/Users/wubingwen/Projects/msc/wav/train_1170.wav	10	0
/Users/wubingwen/Projects/msc/wav/train_1173.wav	03	1
/Users/wubingwen/Projects/msc/wav/train_1176.wav	06	0
/Users/wubingwen/Projects/msc/wav/train_1177.wav	03	1
/Users/wubingwen/Projects/msc/wav/train_1178.wav	10	0
/Users/wubingwen/Projects/msc/wav/train_1179.wav	06	1
/Users/wubingwen/Projects/msc/wav/train_1184.wav	03	0
/Users/wubingwen/Projects/msc/wav/train_1186.wav	03	1
/Users/wubingwen/Projects/msc/wav/train_1189.wav	06	1
/Users/wubingwen/Projects/msc/wav/train_1191.wav	03	1
/Users/wubingwen/Projects/msc/wav/train_1194.wav	03	0
/Users/wubingwen/Projects/msc/wav/train_1196.wav	06	0
/Users/wubingwen/Projects/msc/wav/train_1201.wav	03	0
/Users/wubingwen/Projects/msc/wav/train_1210.wav	06	0
/Users/wubingwen/Projects/msc/wav/train_1211.wav	10	0
/Users/wubingwen/Projects/msc/wav/train_1215.wav	03	1
/Users/wubingwen/Projects/msc/wav/train_1219.wav	10	0
/Users/wubingwen/Projects/msc/wav/train_1220.wav	10	0
/Users/wubingwen/Projects/msc/wav/train_1223.wav	10	0
/Users/wubingwen/Projects/msc/wav/train_1224.wav	03	0
/Users/wubingwen/Projects/msc/wav/train_1229.wav	03	0
/Users/wubingwen/Projects/msc/wav/train_1236.wav	06	0
/Users/wubingwen/Projects/msc/wav/train_1239.wav	10	0
/Users/wubingwen/Projects/msc/wav/train_1240.wav	06	0
/Users/wubingwen/Projects/msc/wav/train_1242.wav	03	1
/Users/wubingwen/Projects/msc/wav/train_1243.wav	06	0
/Users/wubingwen/Projects/msc/wav/train_1245.wav	10	0
/Users/wubingwen/Projects/msc/wav/train_1246.wav	06	0
/Users/wubingwen/Projects/msc/wav/train_1249.wav	06	0
/Users/wubingwen/Projects/msc/wav/train_1250.wav	10	0
/Users/wubingwen/Projects/msc/wav/train_1255.wav	03	0
/Users/wubingwen/Projects/msc/wav/train_1256.wav	06	0
/Users/wubingwen/Projects/msc/wav/train_1261.wav	03	0
/Users/wubingwen/Projects/msc/wav/train_1265.wav	06	0
/Users/wubingwen/Projects/msc/wav/train_1266.wav	10	0
/Users/wubingwen/Projects/msc/wav/train_1273.wav	10	0
/Users/wubingwen/Projects/msc/wav/train_1281.wav	10	0
/Users/wubingwen/Projects/msc/wav/train_1283.wav	03	0
/Users/wubingwen/Projects/msc/wav/train_1287.wav	06	0
/Users/wubingwen/Projects/msc/wav/train_1299.wav	06	0
/Users/wubingwen/Projects/msc/wav/train_1300.wav	03	1
/Users/wubingwen/Projects/msc/wav/train_1308.wav	10	0
/Users/wubingwen/Projects/msc/wav/train_1311.wav	10	0
/Users/wubingwen/Projects/msc/wav/train_1312.wav	10	0
/Users/wubingwen/Projects/msc/wav/train_1318.wav	10	0
/Users/wubingwen/Projects/msc/wav/train_1319.wav	03	0
/Users/wubingwen/Projects/msc/wav/train_1321.wav	10	0
/Users/wubingwen/Projects/msc/wav/train_1322.wav	10	1
/Users/wubingwen/Projects/msc/wav/train_1324.wav	06	0
/Users/wubingwen/Projects/msc/wav/train_1329.wav	10	0
/Users/wubingwen/Projects/msc/wav/train_1330.wav	03	0
/Users/wubingwen/Projects/msc/wav/train_1331.wav	06	0
/Users/wubingwen/Projects/msc/wav/train_1336.wav	03	0
/Users/wubingwen/Projects/msc/wav/train_1338.wav	10	1
/Users/wubingwen/Projects/msc/wav/train_1339.wav	10	0
/Users/wubingwen/Projects/msc/wav/train_1341.wav	03	0
/Users/wubingwen/Projects/msc/wav/train_1348.wav	03	1
/Users/wubingwen/Projects/msc/wav/train_1349.wav	06	0
/Users/wubingwen/Projects/msc/wav/train_1351.wav	06	0
/Users/wubingwen/Projects/msc/wav/train_1355.wav	06	0
/Users/wubingwen/Projects/msc/wav/train_1357.wav	10	0
/Users/wubingwen/Projects/msc/wav/train_1363.wav	10	0
/Users/wubingwen/Projects/msc/wav/train_1365.wav	06	0
/Users/wubingwen/Projects/msc/wav/train_1376.wav	03	0
/Users/wubingwen/Projects/msc/wav/train_1383.wav	06	0
/Users/wubingwen/Projects/msc/wav/train_1384.wav	03	0
/Users/wubingwen/Projects/msc/wav/train_1389.wav	06	0
/Users/wubingwen/Projects/msc/wav/train_1390.wav	06	0
/Users/wubingwen/Projects/msc/wav/train_1394.wav	03	0
/Users/wubingwen/Projects/msc/wav/train_1397.wav	06	0
/Users/wubingwen/Projects/msc/wav/train_1399.wav	10	0
/Users/wubingwen/Projects/msc/wav/train_1401.wav	10	0
/Users/wubingwen/Projects/msc/wav/train_1402.wav	10	0
/Users/wubingwen/Projects/msc/wav/train_1403.wav	10	1
/Users/wubingwen/Projects/msc/wav/train_1404.wav	10	0
/Users/wubingwen/Projects/msc/wav/train_1406.wav	06	1
/Users/wubingwen/Projects/msc/wav/train_1408.wav	03	0
/Users/wubingwen/Projects/msc/wav/train_1409.wav	06	0
/Users/wubingwen/Projects/msc/wav/train_1412.wav	03	0
/Users/wubingwen/Projects/msc/wav/train_1413.wav	10	0
/Users/wubingwen/Projects/msc/wav/train_1414.wav	06	0
/Users/wubingwen/Projects/msc/wav/train_1415.wav	10	0
/Users/wubingwen/Projects/msc/wav/train_1419.wav	06	0
/Users/wubingwen/Projects/msc/wav/train_1423.wav	06	0
/Users/wubingwen/Projects/msc/wav/train_1425.wav	10	0
/Users/wubingwen/Projects/msc/wav/train_1427.wav	10	0
/Users/wubingwen/Projects/msc/wav/train_1430.wav	06	0
/Users/wubingwen/Projects/msc/wav/train_1433.wav	06	0
/Users/wubingwen/Projects/msc/wav/train_1448.wav	10	0
/Users/wubingwen/Projects/msc/wav/train_1453.wav	10	0
/Users/wubingwen/Projects/msc/wav/train_1454.wav	10	0
/Users/wubingwen/Projects/msc/wav/train_1458.wav	10	0
/Users/wubingwen/Projects/msc/wav/train_1460.wav	10	0
/Users/wubingwen/Projects/msc/wav/train_1462.wav	06	0
/Users/wubingwen/Projects/msc/wav/train_1464.wav	06	0
/Users/wubingwen/Projects/msc/wav/train_1465.wav	06	0
/Users/wubingwen/Projects/msc/wav/train_1466.wav	03	0
/Users/wubingwen/Projects/msc/wav/train_1473.wav	10	0
/Users/wubingwen/Projects/msc/wav/train_1477.wav	10	0
/Users/wubingwen/Projects/msc/wav/train_1483.wav	06	1
/Users/wubingwen/Projects/msc/wav/train_1492.wav	03	1
/Users/wubingwen/Projects/msc/wav/train_1496.wav	03	2
/Users/wubingwen/Projects/msc/wav/train_1498.wav	10	0
/Users/wubingwen/Projects/msc/wav/train_1504.wav	10	0
/Users/wubingwen/Projects/msc/wav/train_1505.wav	06	0
/Users/wubingwen/Projects/msc/wav/train_1506.wav	03	0
/Users/wubingwen/Projects/msc/wav/train_1509.wav	03	0
/Users/wubingwen/Projects/msc/wav/train_1513.wav	06	0
/Users/wubingwen/Projects/msc/wav/train_1516.wav	10	0
/Users/wubingwen/Projects/msc/wav/train_1518.wav	03	0
/Users/wubingwen/Projects/msc/wav/train_1526.wav	10	0
/Users/wubingwen/Projects/msc/wav/train_1531.wav	03	0
/Users/wubingwen/Projects/msc/wav/train_1536.wav	03	0
/Users/wubingwen/Projects/msc/wav/train_1538.wav	03	1
/Users/wubingwen/Projects/msc/wav/train_1539.wav	10	0
/Users/wubingwen/Projects/msc/wav/train_1540.wav	10	0
/Users/wubingwen/Projects/msc/wav/train_1544.wav	10	0
/Users/wubingwen/Projects/msc/wav/train_1546.wav	03	0
/Users/wubingwen/Projects/msc/wav/train_1549.wav	10	0
/Users/wubingwen/Projects/msc/wav/train_1551.wav	03	1
/Users/wubingwen/Projects/msc/wav/train_1553.wav	06	0
/Users/wubingwen/Projects/msc/wav/train_1558.wav	10	0
/Users/wubingwen/Projects/msc/wav/train_1559.wav	10	0
/Users/wubingwen/Projects/msc/wav/train_1560.wav	03	0
/Users/wubingwen/Projects/msc/wav/train_1570.wav	10	1
/Users/wubingwen/Projects/msc/wav/train_1573.wav	06	0
/Users/wubingwen/Projects/msc/wav/train_1577.wav	10	0
/Users/wubingwen/Projects/msc/wav/train_1580.wav	06	0
/Users/wubingwen/Projects/msc/wav/train_1584.wav	03	0
/Users/wubingwen/Projects/msc/wav/train_1586.wav	03	0
/Users/wubingwen/Projects/msc/wav/train_1587.wav	03	0
/Users/wubingwen/Projects/msc/wav/train_1591.wav	06	2
/Users/wubingwen/Projects/msc/wav/train_1600.wav	03	0
/Users/wubingwen/Projects/msc/wav/train_1603.wav	06	0
/Users/wubingwen/Projects/msc/wav/train_1604.wav	06	0
/Users/wubingwen/Projects/msc/wav/train_1607.wav	06	0
/Users/wubingwen/Projects/msc/wav/train_1613.wav	10	0
/Users/wubingwen/Projects/msc/wav/train_1615.wav	03	2
/Users/wubingwen/Projects/msc/wav/train_1617.wav	10	0
/Users/wubingwen/Projects/msc/wav/train_1618.wav	10	0
/Users/wubingwen/Projects/msc/wav/train_1620.wav	03	2
/Users/wubingwen/Projects/msc/wav/train_1621.wav	03	0
/Users/wubingwen/Projects/msc/wav/train_1626.wav	03	0
/Users/wubingwen/Projects/msc/wav/train_1627.wav	03	0
/Users/wubingwen/Projects/msc/wav/train_1632.wav	10	0
/Users/wubingwen/Projects/msc/wav/train_1644.wav	03	0
/Users/wubingwen/Projects/msc/wav/train_1649.wav	06	0
/Users/wubingwen/Projects/msc/wav/train_1650.wav	10	0
/Users/wubingwen/Projects/msc/wav/train_1659.wav	03	1
/Users/wubingwen/Projects/msc/wav/train_1661.wav	03	0
/Users/wubingwen/Projects/msc/wav/train_1663.wav	10	0
/Users/wubingwen/Projects/msc/wav/train_1666.wav	06	0
/Users/wubingwen/Projects/msc/wav/train_1668.wav	06	0
/Users/wubingwen/Projects/msc/wav/train_1670.wav	06	0
/Users/wubingwen/Projects/msc/wav/train_1672.wav	10	0
/Users/wubingwen/Projects/msc/wav/train_1673.wav	10	0
/Users/wubingwen/Projects/msc/wav/train_1674.wav	10	0
/Users/wubingwen/Projects/msc/wav/train_1675.wav	06	0
/Users/wubingwen/Projects/msc/wav/train_1676.wav	06	0
/Users/wubingwen/Projects/msc/wav/train_1677.wav	06	0
/Users/wubingwen/Projects/msc/wav/train_1683.wav	03	0
/Users/wubingwen/Projects/msc/wav/train_1687.wav	06	0
/Users/wubingwen/Projects/msc/wav/train_1688.wav	03	0
/Users/wubingwen/Projects/msc/wav/train_1691.wav	10	1
/Users/wubingwen/Projects/msc/wav/train_1693.wav	06	0
/Users/wubingwen/Projects/msc/wav/train_1696.wav	10	0
/Users/wubingwen/Projects/msc/wav/train_1699.wav	03	0
/Users/wubingwen/Projects/msc/wav/train_1701.wav	03	0
/Users/wubingwen/Projects/msc/wav/train_1704.wav	10	0
/Users/wubingwen/Projects/msc/wav/train_1707.wav	10	0
/Users/wubingwen/Projects/msc/wav/train_1708.wav	06	1
/Users/wubingwen/Projects/msc/wav/train_1710.wav	06	0
/Users/wubingwen/Projects/msc/wav/train_1713.wav	06	0
/Users/wubingwen/Projects/msc/wav/train_1715.wav	10	0
/Users/wubingwen/Projects/msc/wav/train_1722.wav	03	0
/Users/wubingwen/Projects/msc/wav/train_1724.wav	10	0
/Users/wubingwen/Projects/msc/wav/train_1726.wav	06	0
/Users/wubingwen/Projects/msc/wav/train_1730.wav	03	0
/Users/wubingwen/Projects/msc/wav/train_1737.wav	10	0
/Users/wubingwen/Projects/msc/wav/train_1739.wav	06	0
/Users/wubingwen/Projects/msc/wav/train_1741.wav	10	0
/Users/wubingwen/Projects/msc/wav/train_1743.wav	03	2
/Users/wubingwen/Projects/msc/wav/train_1747.wav	06	0
/Users/wubingwen/Projects/msc/wav/train_1753.wav	03	0
/Users/wubingwen/Projects/msc/wav/train_1755.wav	06	0
/Users/wubingwen/Projects/msc/wav/train_1761.wav	03	0
/Users/wubingwen/Projects/msc/wav/train_1763.wav	06	0
/Users/wubingwen/Projects/msc/wav/train_1764.wav	10	0
/Users/wubingwen/Projects/msc/wav/train_1768.wav	06	0
/Users/wubingwen/Projects/msc/wav/train_1772.wav	03	0
/Users/wubingwen/Projects/msc/wav/train_1779.wav	03	2
/Users/wubingwen/Projects/msc/wav/train_1790.wav	10	0
/Users/wubingwen/Projects/msc/wav/train_1794.wav	03	1
/Users/wubingwen/Projects/msc/wav/train_1796.wav	10	0
/Users/wubingwen/Projects/msc/wav/train_1801.wav	03	1
/Users/wubingwen/Projects/msc/wav/train_1805.wav	10	1
/Users/wubingwen/Projects/msc/wav/train_1807.wav	03	2
/Users/wubingwen/Projects/msc/wav/train_1811.wav	03	0
/Users/wubingwen/Projects/msc/wav/train_1815.wav	10	0
/Users/wubingwen/Projects/msc/wav/train_1818.wav	03	1
/Users/wubingwen/Projects/msc/wav/train_1819.wav	06	0
/Users/wubingwen/Projects/msc/wav/train_1822.wav	03	0
/Users/wubingwen/Projects/msc/wav/train_1825.wav	06	0
/Users/wubingwen/Projects/msc/wav/train_1828.wav	03	0
/Users/wubingwen/Projects/msc/wav/train_1829.wav	03	1
/Users/wubingwen/Projects/msc/wav/train_1830.wav	06	0
/Users/wubingwen/Projects/msc/wav/train_1831.wav	06	0
/Users/wubingwen/Projects/msc/wav/train_1834.wav	06	1
/Users/wubingwen/Projects/msc/wav/train_1836.wav	06	0
/Users/wubingwen/Projects/msc/wav/train_1839.wav	03	0
/Users/wubingwen/Projects/msc/wav/train_1840.wav	10	0
/Users/wubingwen/Projects/msc/wav/train_1843.wav	06	0
/Users/wubingwen/Projects/msc/wav/train_1845.wav	10	0
/Users/wubingwen/Projects/msc/wav/train_1848.wav	06	0
/Users/wubingwen/Projects/msc/wav/train_1849.wav	10	0
/Users/wubingwen/Projects/msc/wav/train_1852.wav	10	0
/Users/wubingwen/Projects/msc/wav/train_1854.wav	06	0
/Users/wubingwen/Projects/msc/wav/train_1858.wav	03	0
/Users/wubingwen/Projects/msc/wav/train_1862.wav	03	0
/Users/wubingwen/Projects/msc/wav/train_1863.wav	06	0
/Users/wubingwen/Projects/msc/wav/train_1867.wav	10	1
/Users/wubingwen/Projects/msc/wav/train_1868.wav	03	0
/Users/wubingwen/Projects/msc/wav/train_1873.wav	03	0
/Users/wubingwen/Projects/msc/wav/train_1874.wav	10	0
/Users/wubingwen/Projects/msc/wav/train_1882.wav	10	0
/Users/wubingwen/Projects/msc/wav/train_1887.wav	03	0
/Users/wubingwen/Projects/msc/wav/train_1888.wav	03	0
/Users/wubingwen/Projects/msc/wav/train_1889.wav	10	0
/Users/wubingwen/Projects/msc/wav/train_1893.wav	03	1
/Users/wubingwen/Projects/msc/wav/train_1894.wav	10	0
/Users/wubingwen/Projects/msc/wav/train_1897.wav	10	0
/Users/wubingwen/Projects/msc/wav/train_1899.wav	10	0
/Users/wubingwen/Projects/msc/wav/train_1901.wav	06	0
/Users/wubingwen/Projects/msc/wav/train_1902.wav	10	0
/Users/wubingwen/Projects/msc/wav/train_1905.wav	03	1
/Users/wubingwen/Projects/msc/wav/train_1920.wav	10	0
/Users/wubingwen/Projects/msc/wav/train_1926.wav	03	0
/Users/wubingwen/Projects/msc/wav/train_1929.wav	06	0
/Users/wubingwen/Projects/msc/wav/train_1934.wav	06	0
/Users/wubingwen/Projects/msc/wav/train_1936.wav	10	0
/Users/wubingwen/Projects/msc/wav/train_1937.wav	06	0
/Users/wubingwen/Projects/msc/wav/train_1938.wav	06	0
/Users/wubingwen/Projects/msc/wav/train_1942.wav	06	0
/Users/wubingwen/Projects/msc/wav/train_1944.wav	06	1
/Users/wubingwen/Projects/msc/wav/train_1947.wav	10	0
/Users/wubingwen/Projects/msc/wav/train_1954.wav	03	0
/Users/wubingwen/Projects/msc/wav/train_1956.wav	03	0
/Users/wubingwen/Projects/msc/wav/train_1957.wav	03	0
/Users/wubingwen/Projects/msc/wav/train_1958.wav	03	0
/Users/wubingwen/Projects/msc/wav/train_1959.wav	03	0
/Users/wubingwen/Projects/msc/wav/train_1960.wav	10	0
/Users/wubingwen/Projects/msc/wav/train_1965.wav	06	0
/Users/wubingwen/Projects/msc/wav/train_1968.wav	06	0
/Users/wubingwen/Projects/msc/wav/train_1969.wav	10	0
/Users/wubingwen/Projects/msc/wav/train_1977.wav	03	0
/Users/wubingwen/Projects/msc/wav/train_1979.wav	10	0
/Users/wubingwen/Projects/msc/wav/train_1980.wav	03	0
/Users/wubingwen/Projects/msc/wav/train_1983.wav	10	0
/Users/wubingwen/Projects/msc/wav/train_1989.wav	03	0
/Users/wubingwen/Projects/msc/wav/train_1992.wav	10	0
/Users/wubingwen/Projects/msc/wav/train_1993.wav	10	0
/Users/wubingwen/Projects/msc/wav/train_1998.wav	03	0
/Users/wubingwen/Projects/msc/wav/train_2002.wav	03	0
/Users/wubingwen/Projects/msc/wav/train_2004.wav	06	0
/Users/wubingwen/Projects/msc/wav/train_2006.wav	03	0
/Users/wubingwen/Projects/msc/wav/train_2012.wav	06	0
/Users/wubingwen/Projects/msc/wav/train_2014.wav	10	0
/Users/wubingwen/Projects/msc/wav/train_2016.wav	03	0
/Users/wubingwen/Projects/msc/wav/train_2018.wav	10	0
/Users/wubingwen/Projects/msc/wav/train_2025.wav	03	0
/Users/wubingwen/Projects/msc/wav/train_2027.wav	03	0
/Users/wubingwen/Projects/msc/wav/train_2032.wav	06	0
/Users/wubingwen/Projects/msc/wav/train_2033.wav	03	0
/Users/wubingwen/Projects/msc/wav/train_2035.wav	10	0
/Users/wubingwen/Projects/msc/wav/train_2036.wav	10	0
/Users/wubingwen/Projects/msc/wav/train_2043.wav	06	0
/Users/wubingwen/Projects/msc/wav/train_2044.wav	03	0
/Users/wubingwen/Projects/msc/wav/train_2050.wav	06	0
/Users/wubingwen/Projects/msc/wav/train_2052.wav	10	0
/Users/wubingwen/Projects/msc/wav/train_2054.wav	06	0
/Users/wubingwen/Projects/msc/wav/train_2056.wav	10	0
/Users/wubingwen/Projects/msc/wav/train_2058.wav	06	0
/Users/wubingwen/Projects/msc/wav/train_2059.wav	10	0
/Users/wubingwen/Projects/msc/wav/train_2060.wav	10	1
/Users/wubingwen/Projects/msc/wav/train_2062.wav	03	1
/Users/wubingwen/Projects/msc/wav/train_2063.wav	03	0
/Users/wubingwen/Projects/msc/wav/train_2066.wav	03	0
/Users/wubingwen/Projects/msc/wav/train_2070.wav	10	0
/Users/wubingwen/Projects/msc/wav/train_2078.wav	03	0
/Users/wubingwen/Projects/msc/wav/train_2080.wav	10	0
/Users/wubingwen/Projects/msc/wav/train_2084.wav	06	1
/Users/wubingwen/Projects/msc/wav/train_2087.wav	10	0
/Users/wubingwen/Projects/msc/wav/train_2092.wav	10	0
/Users/wubingwen/Projects/msc/wav/train_2093.wav	10	0
/Users/wubingwen/Projects/msc/wav/train_2094.wav	10	0
/Users/wubingwen/Projects/msc/wav/train_2099.wav	06	0
/Users/wubingwen/Projects/msc/wav/train_2102.wav	10	0
/Users/wubingwen/Projects/msc/wav/train_2104.wav	10	0
/Users/wubingwen/Projects/msc/wav/train_2109.wav	10	0
/Users/wubingwen/Projects/msc/wav/train_2121.wav	06	0
/Users/wubingwen/Projects/msc/wav/train_2122.wav	03	0
/Users/wubingwen/Projects/msc/wav/train_2125.wav	10	0
/Users/wubingwen/Projects/msc/wav/train_2128.wav	10	0
/Users/wubingwen/Projects/msc/wav/train_2129.wav	06	2
/Users/wubingwen/Projects/msc/wav/train_2132.wav	10	0
/Users/wubingwen/Projects/msc/wav/train_2133.wav	03	2
/Users/wubingwen/Projects/msc/wav/train_2135.wav	10	0
/Users/wubingwen/Projects/msc/wav/train_2139.wav	10	0
/Users/wubingwen/Projects/msc/wav/train_2140.wav	06	2
/Users/wubingwen/Projects/msc/wav/train_2144.wav	06	0
/Users/wubingwen/Projects/msc/wav/train_2152.wav	03	0
/Users/wubingwen/Projects/msc/wav/train_2154.wav	03	0
/Users/wubingwen/Projects/msc/wav/train_2160.wav	03	0
/Users/wubingwen/Projects/msc/wav/train_2161.wav	06	0
/Users/wubingwen/Projects/msc/wav/train_2162.wav	06	0
/Users/wubingwen/Projects/msc/wav/train_2167.wav	10	0
/Users/wubingwen/Projects/msc/wav/train_2171.wav	06	0
/Users/wubingwen/Projects/msc/wav/train_2175.wav	03	0
/Users/wubingwen/Projects/msc/wav/train_2177.wav	03	0
/Users/wubingwen/Projects/msc/wav/train_2178.wav	06	0
/Users/wubingwen/Projects/msc/wav/train_2179.wav	06	0
/Users/wubingwen/Projects/msc/wav/train_2183.wav	10	1
/Users/wubingwen/Projects/msc/wav/train_2185.wav	10	0
/Users/wubingwen/Projects/msc/wav/train_2196.wav	03	0
/Users/wubingwen/Projects/msc/wav/train_2198.wav	10	0
/Users/wubingwen/Projects/msc/wav/train_2202.wav	06	0
/Users/wubingwen/Projects/msc/wav/train_2203.wav	06	0
/Users/wubingwen/Projects/msc/wav/train_2205.wav	06	0
/Users/wubingwen/Projects/msc/wav/train_2206.wav	03	0
/Users/wubingwen/Projects/msc/wav/train_2212.wav	10	0
/Users/wubingwen/Projects/msc/wav/train_2213.wav	03	0
/Users/wubingwen/Projects/msc/wav/train_2221.wav	10	1
/Users/wubingwen/Projects/msc/wav/train_2227.wav	10	1
/Users/wubingwen/Projects/msc/wav/train_2230.wav	10	0
/Users/wubingwen/Projects/msc/wav/train_2231.wav	03	0
/Users/wubingwen/Projects/msc/wav/train_2236.wav	03	0
/Users/wubingwen/Projects/msc/wav/train_2239.wav	10	0
/Users/wubingwen/Projects/msc/wav/train_2240.wav	10	0
/Users/wubingwen/Projects/msc/wav/train_2241.wav	10	0
/Users/wubingwen/Projects/msc/wav/train_2248.wav	06	0
/Users/wubingwen/Projects/msc/wav/train_2260.wav	06	0
/Users/wubingwen/Projects/msc/wav/train_2267.wav	03	1
/Users/wubingwen/Projects/msc/wav/train_2270.wav	10	0
/Users/wubingwen/Projects/msc/wav/train_2274.wav	10	0
/Users/wubingwen/Projects/msc/wav/train_2275.wav	10	0
/Users/wubingwen/Projects/msc/wav/train_2277.wav	03	2
/Users/wubingwen/Projects/msc/wav/train_2280.wav	03	0
/Users/wubingwen/Projects/msc/wav/train_2283.wav	10	0
/Users/wubingwen/Projects/msc/wav/train_2289.wav	03	0
/Users/wubingwen/Projects/msc/wav/train_2291.wav	06	0
/Users/wubingwen/Projects/msc/wav/train_2295.wav	03	0
/Users/wubingwen/Projects/msc/wav/train_2296.wav	06	0
/Users/wubingwen/Projects/msc/wav/train_2300.wav	10	0
/Users/wubingwen/Projects/msc/wav/train_2302.wav	10	0
/Users/wubingwen/Projects/msc/wav/train_2303.wav	10	0
/Users/wubingwen/Projects/msc/wav/train_2304.wav	10	0
/Users/wubingwen/Projects/msc/wav/train_2306.wav	10	0
/Users/wubingwen/Projects/msc/wav/train_2307.wav	10	1
/Users/wubingwen/Projects/msc/wav/train_2310.wav	10	0
/Users/wubingwen/Projects/msc/wav/train_2320.wav	03	0
/Users/wubingwen/Projects/msc/wav/train_2321.wav	03	1
/Users/wubingwen/Projects/msc/wav/train_2322.wav	10	0
/Users/wubingwen/Projects/msc/wav/train_2323.wav	03	1
/Users/wubingwen/Projects/msc/wav/train_2324.wav	10	0
/Users/wubingwen/Projects/msc/wav/train_2330.wav	10	0
/Users/wubingwen/Projects/msc/wav/train_2332.wav	10	0
/Users/wubingwen/Projects/msc/wav/train_2334.wav	03	1
/Users/wubingwen/Projects/msc/wav/train_2337.wav	06	0
/Users/wubingwen/Projects/msc/wav/train_2340.wav	03	0
/Users/wubingwen/Projects/msc/wav/train_2343.wav	03	2
/Users/wubingwen/Projects/msc/wav/train_2348.wav	10	0
/Users/wubingwen/Projects/msc/wav/train_2349.wav	10	0
/Users/wubingwen/Projects/msc/wav/train_2350.wav	03	0
/Users/wubingwen/Projects/msc/wav/train_2351.wav	10	0
/Users/wubingwen/Projects/msc/wav/train_2361.wav	03	0
/Users/wubingwen/Projects/msc/wav/train_2365.wav	06	0
/Users/wubingwen/Projects/msc/wav/train_2371.wav	06	0
/Users/wubingwen/Projects/msc/wav/train_2372.wav	06	0
/Users/wubingwen/Projects/msc/wav/train_2375.wav	10	0
/Users/wubingwen/Projects/msc/wav/train_2376.wav	10	0
/Users/wubingwen/Projects/msc/wav/train_2377.wav	03	0
/Users/wubingwen/Projects/msc/wav/train_2380.wav	03	0
/Users/wubingwen/Projects/msc/wav/train_2382.wav	03	2
/Users/wubingwen/Projects/msc/wav/train_2383.wav	03	0
/Users/wubingwen/Projects/msc/wav/train_2388.wav	06	0
/Users/wubingwen/Projects/msc/wav/train_2389.wav	03	0
/Users/wubingwen/Projects/msc/wav/train_2390.wav	03	0
/Users/wubingwen/Projects/msc/wav/train_2391.wav	03	2
/Users/wubingwen/Projects/msc/wav/train_2404.wav	03	0
/Users/wubingwen/Projects/msc/wav/train_2406.wav	10	0
/Users/wubingwen/Projects/msc/wav/train_2408.wav	06	0
/Users/wubingwen/Projects/msc/wav/train_2411.wav	03	0
/Users/wubingwen/Projects/msc/wav/train_2415.wav	10	0
/Users/wubingwen/Projects/msc/wav/train_2416.wav	06	0
/Users/wubingwen/Projects/msc/wav/train_2418.wav	03	2
/Users/wubingwen/Projects/msc/wav/train_2419.wav	03	0
/Users/wubingwen/Projects/msc/wav/train_2422.wav	06	0
/Users/wubingwen/Projects/msc/wav/train_2426.wav	03	0
/Users/wubingwen/Projects/msc/wav/train_2427.wav	10	0
/Users/wubingwen/Projects/msc/wav/train_2433.wav	03	1
/Users/wubingwen/Projects/msc/wav/train_2438.wav	03	0
/Users/wubingwen/Projects/msc/wav/train_2439.wav	06	0
/Users/wubingwen/Projects/msc/wav/train_2440.wav	03	0
/Users/wubingwen/Projects/msc/wav/train_2445.wav	10	0
/Users/wubingwen/Projects/msc/wav/train_2447.wav	10	1
/Users/wubingwen/Projects/msc/wav/train_2451.wav	03	2
/Users/wubingwen/Projects/msc/wav/train_2454.wav	06	1
/Users/wubingwen/Projects/msc/wav/train_2455.wav	10	0
/Users/wubingwen/Projects/msc/wav/train_2459.wav	03	0
/Users/wubingwen/Projects/msc/wav/train_2462.wav	10	0
/Users/wubingwen/Projects/msc/wav/train_2465.wav	10	0
/Users/wubingwen/Projects/msc/wav/train_2470.wav	06	0
/Users/wubingwen/Projects/msc/wav/train_2472.wav	03	0
/Users/wubingwen/Projects/msc/wav/train_2473.wav	06	0
/Users/wubingwen/Projects/msc/wav/train_2475.wav	06	0
/Users/wubingwen/Projects/msc/wav/train_2477.wav	10	0
/Users/wubingwen/Projects/msc/wav/train_2480.wav	03	2
/Users/wubingwen/Projects/msc/wav/train_2482.wav	10	0
/Users/wubingwen/Projects/msc/wav/train_2488.wav	03	0
/Users/wubingwen/Projects/msc/wav/train_2490.wav	06	0
/Users/wubingwen/Projects/msc/wav/train_2493.wav	03	0
/Users/wubingwen/Projects/msc/wav/train_2494.wav	06	0
/Users/wubingwen/Projects/msc/wav/train_2495.wav	06	0
/Users/wubingwen/Projects/msc/wav/train_2497.wav	03	1
/Users/wubingwen/Projects/msc/wav/train_2498.wav	10	0
/Users/wubingwen/Projects/msc/wav/train_2499.wav	10	0
/Users/wubingwen/Projects/msc/wav/train_2501.wav	06	0
/Users/wubingwen/Projects/msc/wav/train_2502.wav	10	0
/Users/wubingwen/Projects/msc/wav/train_2504.wav	06	1
/Users/wubingwen/Projects/msc/wav/train_2505.wav	06	0
/Users/wubingwen/Projects/msc/wav/train_2506.wav	03	0
/Users/wubingwen/Projects/msc/wav/train_2509.wav	03	0
/Users/wubingwen/Projects/msc/wav/train_2511.wav	03	1
/Users/wubingwen/Projects/msc/wav/train_2514.wav	03	0
/Users/wubingwen/Projects/msc/wav/train_2517.wav	10	0
/Users/wubingwen/Projects/msc/wav/train_2519.wav	10	0
/Users/wubingwen/Projects/msc/wav/train_2520.wav	03	0
/Users/wubingwen/Projects/msc/wav/train_2523.wav	06	0
/Users/wubingwen/Projects/msc/wav/train_2525.wav	10	0
/Users/wubingwen/Projects/msc/wav/train_2526.wav	03	0
/Users/wubingwen/Projects/msc/wav/train_2533.wav	06	1
/Users/wubingwen/Projects/msc/wav/train_2534.wav	06	0
/Users/wubingwen/Projects/msc/wav/train_2536.wav	10	0
/Users/wubingwen/Projects/msc/wav/train_2537.wav	10	0
/Users/wubingwen/Projects/msc/wav/train_2540.wav	10	0
/Users/wubingwen/Projects/msc/wav/train_2541.wav	03	1
/Users/wubingwen/Projects/msc/wav/train_2556.wav	03	0
/Users/wubingwen/Projects/msc/wav/train_2567.wav	03	0
/Users/wubingwen/Projects/msc/wav/train_2568.wav	03	1
/Users/wubingwen/Projects/msc/wav/train_2569.wav	03	2
/Users/wubingwen/Projects/msc/wav/train_2570.wav	10	0
/Users/wubingwen/Projects/msc/wav/train_2571.wav	03	1
/Users/wubingwen/Projects/msc/wav/train_2572.wav	10	0
/Users/wubingwen/Projects/msc/wav/train_2576.wav	03	0
/Users/wubingwen/Projects/msc/wav/train_2577.wav	10	0
/Users/wubingwen/Projects/msc/wav/train_2581.wav	10	0
/Users/wubingwen/Projects/msc/wav/train_2583.wav	03	0
/Users/wubingwen/Projects/msc/wav/train_2587.wav	03	0
/Users/wubingwen/Projects/msc/wav/train_2588.wav	03	2
/Users/wubingwen/Projects/msc/wav/train_2594.wav	03	0
/Users/wubingwen/Projects/msc/wav/train_2595.wav	03	0
/Users/wubingwen/Projects/msc/wav/train_2601.wav	10	0
/Users/wubingwen/Projects/msc/wav/train_2603.wav	03	1
/Users/wubingwen/Projects/msc/wav/train_2604.wav	06	0
/Users/wubingwen/Projects/msc/wav/train_2610.wav	10	0
/Users/wubingwen/Projects/msc/wav/train_2617.wav	10	0
/Users/wubingwen/Projects/msc/wav/train_2622.wav	10	0
/Users/wubingwen/Projects/msc/wav/train_2623.wav	03	1
/Users/wubingwen/Projects/msc/wav/train_2625.wav	06	0
/Users/wubingwen/Projects/msc/wav/train_2639.wav	10	0
/Users/wubingwen/Projects/msc/wav/train_2640.wav	03	1
/Users/wubingwen/Projects/msc/wav/train_2647.wav	03	0
/Users/wubingwen/Projects/msc/wav/train_2648.wav	10	0
/Users/wubingwen/Projects/msc/wav/train_2654.wav	10	0
/Users/wubingwen/Projects/msc/wav/train_2660.wav	10	0
/Users/wubingwen/Projects/msc/wav/train_2662.wav	03	0
/Users/wubingwen/Projects/msc/wav/train_2663.wav	06	0
/Users/wubingwen/Projects/msc/wav/train_2666.wav	10	0
/Users/wubingwen/Projects/msc/wav/train_2669.wav	03	0
/Users/wubingwen/Projects/msc/wav/train_2672.wav	10	0
/Users/wubingwen/Projects/msc/wav/train_2674.wav	10	0
/Users/wubingwen/Projects/msc/wav/train_2675.wav	10	0
/Users/wubingwen/Projects/msc/wav/train_2677.wav	03	0
/Users/wubingwen/Projects/msc/wav/train_2678.wav	06	0
/Users/wubingwen/Projects/msc/wav/train_2685.wav	06	0
/Users/wubingwen/Projects/msc/wav/train_2689.wav	10	0
/Users/wubingwen/Projects/msc/wav/train_2694.wav	03	0
/Users/wubingwen/Projects/msc/wav/train_2696.wav	10	1
/Users/wubingwen/Projects/msc/wav/train_2697.wav	03	0
/Users/wubingwen/Projects/msc/wav/train_2698.wav	10	0
/Users/wubingwen/Projects/msc/wav/train_2704.wav	03	0
/Users/wubingwen/Projects/msc/wav/train_2707.wav	06	0
/Users/wubingwen/Projects/msc/wav/train_2709.wav	10	0
/Users/wubingwen/Projects/msc/wav/train_2710.wav	10	0
/Users/wubingwen/Projects/msc/wav/train_2711.wav	06	0
/Users/wubingwen/Projects/msc/wav/train_2712.wav	06	0
/Users/wubingwen/Projects/msc/wav/train_2714.wav	10	0
/Users/wubingwen/Projects/msc/wav/train_2720.wav	06	0
/Users/wubingwen/Projects/msc/wav/train_2722.wav	03	0
/Users/wubingwen/Projects/msc/wav/train_2723.wav	03	2
/Users/wubingwen/Projects/msc/wav/train_2724.wav	06	0
/Users/wubingwen/Projects/msc/wav/train_2728.wav	06	0
/Users/wubingwen/Projects/msc/wav/train_2730.wav	03	1
/Users/wubingwen/Projects/msc/wav/train_2734.wav	06	0
/Users/wubingwen/Projects/msc/wav/train_2738.wav	06	0
/Users/wubingwen/Projects/msc/wav/train_2743.wav	06	0
/Users/wubingwen/Projects/msc/wav/train_2747.wav	06	1
/Users/wubingwen/Projects/msc/wav/train_2748.wav	03	2
/Users/wubingwen/Projects/msc/wav/train_2755.wav	10	0
/Users/wubingwen/Projects/msc/wav/train_2758.wav	10	0
/Users/wubingwen/Projects/msc/wav/train_2760.wav	10	0
/Users/wubingwen/Projects/msc/wav/train_2762.wav	03	1
/Users/wubingwen/Projects/msc/wav/train_2766.wav	06	0
/Users/wubingwen/Projects/msc/wav/train_2768.wav	06	0
/Users/wubingwen/Projects/msc/wav/train_2770.wav	03	2
/Users/wubingwen/Projects/msc/wav/train_2775.wav	10	1
/Users/wubingwen/Projects/msc/wav/train_2778.wav	03	0
/Users/wubingwen/Projects/msc/wav/train_2783.wav	10	0
/Users/wubingwen/Projects/msc/wav/train_2785.wav	06	1
/Users/wubingwen/Projects/msc/wav/train_2788.wav	03	2
/Users/wubingwen/Projects/msc/wav/train_2792.wav	10	0
/Users/wubingwen/Projects/msc/wav/train_2794.wav	10	0
/Users/wubingwen/Projects/msc/wav/train_2797.wav	03	0
/Users/wubingwen/Projects/msc/wav/train_2806.wav	10	0
/Users/wubingwen/Projects/msc/wav/train_2807.wav	06	0
/Users/wubingwen/Projects/msc/wav/train_2809.wav	10	0
/Users/wubingwen/Projects/msc/wav/train_2810.wav	10	0
/Users/wubingwen/Projects/msc/wav/train_2811.wav	10	0
/Users/wubingwen/Projects/msc/wav/train_2814.wav	10	0
/Users/wubingwen/Projects/msc/wav/train_2821.wav	10	0
/Users/wubingwen/Projects/msc/wav/train_2828.wav	03	0
/Users/wubingwen/Projects/msc/wav/train_2835.wav	06	0
